Building ID,Building Type,Built-up Area (m2),Number of Floors (count),Building Height (m),Service Life (years),Cement (tonnes),Steel Reinforcement (tonnes),Bricks/Blocks (tonnes),Sand (tonnes),Aggregate (tonnes),Glass (tonnes),Wood (m3),Transportation Distance (km),Construction Energy (kWh),Annual Electricity Consumption (kWh/year),y_Total_Life_Cycle_GWP_kgCO2eq
B001,Industrial,6550,6,21.6,50,118.5,449.2,2030.5,1092.5,4820.9,40.79,74.5,30,723122.0,704664.0,27307022.363
B002,Residential,8030,10,36.8,40,150.5,362.1,1551.0,1338.0,6517.1,94.3,143.4,50,747604.0,450647.0,14928179.22
B003,Residential,2890,8,26.3,75,65.2,213.0,556.3,591.6,1769.7,28.71,21.1,50,329570.0,398176.0,22209033.465
B004,Residential,1270,6,20.4,40,31.1,94.0,348.3,229.2,974.1,11.95,11.1,30,110594.0,118411.0,3804656.577
B005,Institutional,7520,20,69.0,75,152.2,680.8,1864.8,1582.1,7024.9,50.48,73.8,200,1044639.0,542587.0,32187892.52
B006,Office,4490,6,20.5,50,147.7,253.2,1198.7,683.5,2542.0,18.87,64.2,10,344897.0,659487.0,24716405.111
B007,Commercial,2800,4,15.1,60,67.3,155.8,852.6,590.6,1788.2,32.11,14.4,100,372862.0,190379.0,9091327.47
B008,Commercial,1650,10,35.5,50,36.1,84.5,286.8,227.6,1262.4,24.85,31.9,30,157315.0,239982.0,8985079.803
B009,Office,13830,20,68.1,60,349.2,1272.6,2489.2,2935.8,11397.0,133.76,248.8,200,1476674.0,1819665.0,83187369.86
B010,Industrial,6490,8,29.7,50,122.4,322.3,1585.0,1324.1,3683.8,57.31,110.2,50,829255.0,546021.0,21372934.285
B011,Residential,4050,5,17.7,30,125.5,270.9,1208.6,531.8,2728.8,42.19,109.1,50,584638.0,240699.0,6692702.505000001
B012,Residential,420,1,3.9,50,11.8,17.2,121.6,51.3,195.8,4.83,7.8,100,48098.0,47469.0,1810617.47
B013,Institutional,1150,6,22.8,75,27.3,58.9,220.7,210.1,660.4,7.49,30.6,100,88969.0,147029.0,8139035.19
B014,Residential,2260,3,11.6,40,65.0,145.1,703.1,345.1,1553.9,24.72,61.8,20,147449.0,264028.0,8227775.789999999
B015,Residential,6850,6,20.2,50,135.1,365.7,1339.6,1275.8,5125.9,48.05,97.9,50,581737.0,537752.0,20963741.175
B016,Residential,1180,5,18.6,50,36.5,51.7,230.7,157.0,588.6,13.28,13.8,30,161867.0,134393.0,5119781.432
B017,Office,4310,4,14.5,40,134.5,283.4,1244.7,677.0,2750.2,35.13,103.2,20,373759.0,456564.0,14404525.22
B018,Commercial,3380,12,39.0,60,118.1,277.6,794.3,668.3,2709.1,40.12,32.5,100,489215.0,417508.0,19206947.43
B019,Office,2360,4,13.8,50,64.5,147.1,562.4,479.2,1540.9,16.75,19.9,100,351007.0,162979.0,6634924.48
B020,Residential,11170,10,31.4,100,234.6,729.5,2059.7,2178.6,6443.1,164.31,116.5,100,852379.0,1116701.0,82740365.38
B021,Institutional,1910,4,14.9,30,63.2,131.3,410.7,304.5,1381.7,9.55,11.1,50,142309.0,137040.0,3517467.235
B022,Industrial,1710,5,17.9,50,45.8,103.6,453.1,272.8,1068.2,18.79,16.2,20,127925.0,253185.0,9509961.668
B023,Office,3510,3,10.6,50,65.6,167.8,968.7,444.5,2419.0,27.1,94.8,100,465547.0,446829.0,16979822.39
B024,Institutional,8660,10,35.4,40,180.3,677.5,1762.9,1324.5,7440.1,59.0,154.7,10,1386523.0,949662.0,30330570.738
B025,Residential,2980,3,11.7,100,74.7,178.6,943.3,457.5,1856.4,16.9,56.0,100,204090.0,369952.0,27196182.4
B026,Residential,9630,15,50.3,50,187.2,687.0,1913.1,2053.2,7653.7,95.43,200.1,50,793667.0,1072365.0,41182248.975
B027,Office,3220,3,10.5,60,88.3,205.0,814.2,586.2,2290.3,30.35,67.8,30,353875.0,298262.0,13792292.331
B028,Office,2560,4,15.1,50,62.7,169.9,788.4,421.7,1909.9,10.94,37.7,150,290442.0,276463.0,10742875.28
B029,Institutional,6100,8,26.8,50,154.5,475.6,1051.9,1004.9,3786.7,52.77,175.1,150,623383.0,490169.0,19594209.135
B030,Residential,4350,5,17.0,50,92.9,233.0,1371.7,882.0,2806.5,44.12,71.6,30,488550.0,322454.0,12853361.986
B031,Residential,7670,8,25.9,75,146.2,510.7,1218.7,1413.9,5082.2,69.78,87.8,50,886426.0,881638.0,49411308.18
B032,Office,9070,20,64.6,30,282.3,765.8,1382.6,1212.6,7367.4,119.63,156.0,200,1360629.0,1033854.0,25849632.73
B033,Commercial,4090,8,26.4,50,104.3,266.0,592.2,547.3,2284.1,25.63,118.8,10,346255.0,289079.0,11453102.279
B034,Office,630,1,4.0,75,17.9,30.5,154.1,127.1,305.8,7.18,17.2,75,40964.0,74349.0,4130960.665
B035,Residential,3750,10,37.5,40,69.6,280.9,915.7,821.2,2558.0,45.47,82.4,50,595848.0,422801.0,13502055.075
B036,Office,850,5,18.7,50,26.2,43.1,158.0,113.2,593.7,5.47,13.8,200,75760.0,119311.0,4481221.3
B037,Commercial,6880,12,37.7,50,217.3,497.2,1063.5,1009.7,4779.9,54.99,155.2,20,1033675.0,455257.0,18675501.828
B038,Office,730,1,4.1,50,20.7,33.2,205.1,120.8,509.3,4.63,17.5,75,88492.0,66382.0,2581178.5725
B039,Residential,4450,8,26.1,60,135.4,231.5,833.6,916.7,2694.0,28.05,56.2,10,391163.0,359360.0,16516668.103
B040,Institutional,1280,2,7.9,75,35.5,67.5,237.4,169.6,755.1,9.98,32.1,10,142299.0,175622.0,9724861.996
B041,Industrial,700,1,4.9,30,22.3,35.2,175.5,151.8,363.1,3.03,10.4,20,47362.0,76263.0,1810483.926
B042,Office,4980,6,20.5,60,157.6,295.0,1029.3,887.8,3419.8,26.53,102.0,100,387881.0,531714.0,24132286.18
B043,Residential,1730,4,14.2,60,34.3,113.3,574.1,225.1,1073.7,9.32,45.4,200,117256.0,149783.0,6962955.84
B044,Residential,5590,5,16.0,50,171.5,302.7,1100.4,868.5,3988.0,55.93,44.2,100,513984.0,722411.0,27301071.99
B045,Residential,3850,12,40.8,50,78.4,217.9,516.6,545.4,2335.2,38.63,53.6,50,381013.0,224153.0,9038171.835
B046,Commercial,3350,8,27.6,50,112.6,178.1,741.5,486.8,2505.4,25.14,67.2,200,272115.0,410959.0,15606725.43
B047,Office,2340,2,7.5,75,45.8,110.4,782.3,288.5,1284.4,20.81,15.6,50,233828.0,254074.0,14227793.945
B048,Office,9580,8,26.5,50,317.7,744.5,1546.4,1583.5,7986.4,110.8,137.2,200,1003992.0,867975.0,34405404.68
B049,Residential,3100,5,17.3,40,95.5,181.1,894.0,620.7,1578.9,18.2,37.0,30,405872.0,280696.0,9029512.14
B050,Residential,2080,6,19.9,60,59.9,86.2,503.9,369.8,1212.0,14.11,42.1,50,165503.0,254021.0,11353367.995
